Original_filename,Filename,Mime,Product_id
audi.jpg,audi.jpg,jpg,1
audi2.jpg,audi2.jpg,jpg,1
crv1.png,crv1.png,png,2
crv2.png,crv2.png,png,2
fjcruiser1.png,fjcruiser1.png,png,3
fjcruiser2.png,fjcruiser2.png,png,3
ford1.png,ford1.png,png,4
ford2.png,ford2.png,png,4
hiace1.png,hiace1.png,png,5
hiace2.png,hiace2.png,png,5
hilux1.png,hilux1.png,png,6
hilux2.png,hilux2.png,png,6
landcruiser1.png,landcruiser1.png,png,7
landcruiser2.png,landcruiser2.png,png,7
mercedes1.png,mercedes1.png,png,8
mercedes2.png,mercedes2.png,png,8
pajero1.png,pajero1.png,png,9
pajero2.png,pajero2.png,png,9
prado1.png,prado1.png,png,10
prado2.png,prado2.png,png,10
rangerover1.png,rangerover1.png,png,11
rangerover2.png,rangerover2.png,png,11
rav41.png,rav41.png,png,12
rav42.png,rav42.png,png,12
adobe.png,adobe.png,png,13
adobe2.png,adobe2.png,png,13
adobepp.png,adobepp.png,png,14
adobepp2.png,adobepp2.png,png,14
aftereffects.png,aftereffects.png,png,15
aftereffects2.png,aftereffects2.png,png,15
audiostudio.png,audiostudio.png,png,16
audiostudio2.png,audiostudio2.png,png,16
autocad.png,autocad.png,png,17
autocad2.png,autocad2.png,png,17
avast.png,avast.png,png,18
avast2.png,avast2.png,png,18
avg.png,avg.png,png,19
avg2.png,avg2.png,png,19
kaspersky.png,kaspersky.png,png,20
kaspersky2.png,kaspersky2.png,png,20
lightroom.png,lightroom.png,png,21
lightroom2.png,lightroom2.png,png,21
mcafee.png,mcafee.png,png,22
mcafee2.png,mcafee2.png,png,22
officepro.png,officepro.png,png,23
officepro2.png,officepro2.png,png,23
ps.png,ps.png,png,24
ps2.png,ps2.png,png,24
camera.png,camera.png,png,25
camera2.png,camera2.png,png,25
drone.png,drone.png,png,26
drone2.png,drone2.png,png,26
huawei.png,huawei.png,png,27
huawei2.png,huawei2.png,png,27
iPad.png,iPad.png,png,28
iPad2.png,iPad2.png,png,28
iPhone10.png,iPhone10.png,png,29
iPhone102.png,iPhone102.png,png,29
laptop.png,laptop.png,png,30
laptop2.png,laptop2.png,png,30
printer.png,printer.png,png,31
printer2.png,printer2.png,png,31
projector.png,projector.png,png,32
projector2.png,projector2.png,png,32
S10.png,S10.png,png,33
S102.png,S102.png,png,33
speaker.png,speaker.png,png,34
speaker2.png,speaker2.png,png,34
blender.png,blender.png,png,35
blender2.png,blender2.png,png,35
cakemixer.png,cakemixer.png,png,36
cakemixer2.png,cakemixer2.png,png,36
coffeemaker.png,coffeemaker.png,png,37
coffeemaker2.png,coffeemaker2.png,png,37
convection.png,convection.png,png,38
convection2.png,convection2.png,png,38
deepfryer.png,deepfryer.png,png,39
deepfryer2.png,deepfryer2.png,png,39
dispenser.png,dispenser.png,png,40
dispenser2.png,dispenser2.png,png,40
fryingpan.png,fryingpan.png,png,41
fryingpan2.png,fryingpan2.png,png,41
jug.png,jug.png,png,42
jug2.png,jug2.png,png,42
microwave.png,microwave.png,png,43
microwave2.png,microwave2.png,png,43
ricecooker.png,ricecooker.png,png,44
ricecooker2.png,ricecooker2.png,png,44
sandwichmaker.png,sandwichmaker.png,png,45
sandwichmaker2.png,sandwichmaker2.png,png,45
toaster.png,toaster.png,png,46
toaster2.png,toaster2.png,png,46
wafflemaker.png,wafflemaker.png,png,47
wafflemaker2.png,wafflemaker2.png,png,47
bed.png,bed.png,png,48
bed2.png,bed2.png,png,48
bunkbed.png,bunkbed.png,png,49
bunkbed2.png,bunkbed2.png,png,49
chair.png,chair.png,png,50
chair2.png,chair2.png,png,50
couch.png,couch.png,png,51
couch2.png,couch2.png,png,51
cupboards.png,cupboards.png,png,52
cupboards2.png,cupboards2.png,png,52
desk.png,desk.png,png,53
desk2.png,desk2.png,png,53
roundtable.png,roundtable.png,png,54
roundtable2.png,roundtable2.png,png,54
shelf.png,shelf.png,png,55
shelf2.png,shelf2.png,png,55
table.png,table.png,png,56
table2.png,table2.png,png,56
tableset.png,tableset.png,png,57
tableset2.png,tableset2.png,png,57
tvstand.png,tvstand.png,png,58
tvstand2.png,tvstand2.png,png,58
babybilum.png,babybilum.png,png,59
babybilum2.png,babybilum2.png,png,59
baiwa.png,baiwa.png,png,60
baiwa2.png,baiwa2.png,png,60
baiwabag.png,baiwabag.png,png,61
baiwabag2.png,baiwabag2.png,png,61
baiwahandlebag.png,baiwahandlebag.png,png,62
baiwahandlebag2.png,baiwahandlebag2.png,png,62
baiwaheels.png,baiwaheels.png,png,63
baiwaheels2.png,baiwaheels2.png,png,63
bilumdress.png,bilumdress.png,png,64
bilumdress2.png,bilumdress2.png,png,64
emblem.png,emblem.png,png,65
emblem2.png,emblem2.png,png,65
gorokabilum.png,gorokabilum.png,png,66
gorokabilum2.png,gorokabilum2.png,png,66
highlandsbilum.png,highlandsbilum.png,png,67
highlandsbilum2.png,highlandsbilum2.png,png,67
karkarbilum.png,karkarbilum.png,png,68
karkarbilum2.png,karkarbilum2.png,png,68
sepikbag.png,sepikbag.png,png,69
sepikbag2.png,sepikbag2.png,png,69
sepikbilum.png,sepikbilum.png,png,70
sepikbilum2.png,sepikbilum2.png,png,70
sepikkundu.png,sepikkundu.png,png,71
sepikkundu2.png,sepikkundu2.png,png,71
shellmoney.png,shellmoney.png,png,72
shellmoney2.png,shellmoney2.png,png,72
shellnecklace.png,shellnecklace.png,png,73
shellnecklace2.png,shellnecklace2.png,png,73
stoneaxe.png,stoneaxe.png,png,74
stoneaxe2.png,stoneaxe2.png,png,74
tapa.png,tapa.png,png,75
tapa2.png,tapa2.png,png,75
tapaflats.png,tapaflats.png,png,76
tapaflats2.png,tapaflats2.png,png,76
tapaheels.png,tapaheels.png,png,77
tapaheels2.png,tapaheels2.png,png,77
wasarabilum.png,wasarabilum.png,png,78
wasarabilum2.png,wasarabilum2.png,png,78
wovenbilum.png,wovenbilum.png,png,79
wovenbilum2.png,wovenbilum2.png,png,79
fridge.png,fridge.png,png,80
fridge2.png,fridge2.png,png,80
grill.png,grill.png,png,81
grill2.png,grill2.png,png,81
outdooroven.png,outdooroven.png,png,82
outdooroven2.png,outdooroven2.png,png,82
stove.png,stove.png,png,83
stove2.png,stove2.png,png,83
washingmachine.png,washingmachine.png,png,84
washingmachine2.png,washingmachine2.png,png,84
greendress.png,greendress.png,png,85
greendress2.png,greendress2.png,png,85
hairflower.png,hairflower.png,png,86
hairflower2.png,hairflower2.png,png,86
hoopset.png,hoopset.png,png,87
hoopset2.png,hoopset2.png,png,87
purpledress.png,purpledress.png,png,88
purpledress2.png,purpledress2.png,png,88
reddress.png,reddress.png,png,89
reddress2.png,reddress2.png,png,89
rippedjeans.png,rippedjeans.png,png,90
rippedjeans2.png,rippedjeans2.png,png,90
yellowdress.png,yellowdress.png,png,91
yellowdress2.png,yellowdress2.png,png,91
greenshirt.png,greenshirt.png,png,92
greenshirt2.png,greenshirt2.png,png,92
mensuit.png,mensuit.png,png,93
mensuit2.png,mensuit2.png,png,93
menswallet.png,menswallet.png,png,94
menswallet2.png,menswallet2.png,png,94
kidsboysset.png,kidsboysset.png,png,95
kidsboysset2.png,kidsboysset2.png,png,95
kidshoodie.png,kidshoodie.png,png,96
kidshoodie2.png,kidshoodie2.png,png,96
babybag.png,babybag.png,png,97
babybag2.png,babybag2.png,png,97
babybottle.png,babybottle.png,png,98
babybottle2.png,babybottle2.png,png,98
babypool.png,babypool.png,png,99
babypool2.png,babypool2.png,png,99
babywalker.png,babywalker.png,png,100
babywalker.png,babywalker.png,png,100
diaper.png,diaper.png,png,101
diaper.png,diaper.png,png,101